Workbook

Sheet Menu
A1: Campeonato IASD - V10.1 Operacional
A3: Configurações
A4: Cadastro de Times
A5: Cadastro de Atletas
A6: Jogos Futsal
A7: Classificação Futsal
A8: Planejamento Futsal
A9: Jogos Vôlei
A10: Classificação Vôlei
A11: Planejamento Vôlei
A12: Súmula Futsal
A13: Súmula Vôlei
... A16: Instruções

Sheet Config
A1: Configuração do Campeonato
A3: Igreja / Organização | B3: IASD Central de Salvador | D3: Obs.
A4: Máximo de Times | B4: 20 | D4: Planejamento_* calcula a quantidade prevista de confrontos conforme o formato escolhido.
A5: Máximo de Atletas por modalidade | B5: 20
A6: Formato Futsal - Fase de grupos | B6: Jogo único
A7: Empate permitido no Futsal (fase de grupos) | B7: Sim
A8: Pontos pela vitória (Futsal) | B8: 3
A9: Pontos pelo empate (Futsal) | B9: 1
A10: Pontos pela derrota (Futsal) | B10: 0
A11: Pontos por W.O. - equipe presente (Futsal) | B11: 3
A12: Pontos equipe ausente por W.O. (Futsal) | B12: 0
A13: Formato Futsal - Mata-mata | B13: Jogo único
A14: Formato Vôlei - Fase de grupos | B14: Jogo único
A15: Quantidade Máxima de Sets (Vôlei) | B15: 3
A16: Pontos vitória sem perder sets (Vôlei) | B16: 3
A17: Pontos vitória com perda de sets (Vôlei) | B17: 2
A18: Pontos derrota com ganho de sets (Vôlei) | B18: 1
A19: Pontos vitória por W.O. (Vôlei) | B19: 2
A20: Formato Vôlei - Mata-mata | B20: Jogo único

Sheet Listas
A1: Grupos | B1: Níveis | C1: Posições Futsal | D1: Posições Vôlei | E1: Sim/Não | F1: WO | G1: Formato
A2: Grupo A | B2: A - Avançado | C2: Goleiro | D2: Levantador | E2: Sim | F2: Sem WO | G2: Jogo único
A3: Grupo B | B3: B - Intermediário | C3: Fixo | D3: Oposto | E3: Não | F3: Mandante venceu por WO | G3: Ida e volta
A4: Grupo C | B4: C - Básico | C4: Ala | D4: Ponteiro | F4: Visitante venceu por WO
A5: Grupo D | B5: D - Iniciante | C5: Pivô | D5: Central
A6: Grupo E | C6: Técnico | D6: Líbero
A7: Grupo F | D7: Técnico

Sheet Cadastro_Times
A1: ID | B1: Nome do Time | C1: Nome da Igreja | D1: Escudo do Time | E1: Grupo Futsal | F1: Grupo Vôlei | G1: Responsável | H1: Contato | I1: Observações
A2: T01 | D2: Inserir escudo
A3: T02 | D3: Inserir escudo
A4: T03 | D4: Inserir escudo
A5: T04 | D5: Inserir escudo
A6: T05 | D6: Inserir escudo
A7: T06 | D7: Inserir escudo
A8: T07 | D8: Inserir escudo
A9: T08 | D9: Inserir escudo
A10: T09 | D10: Inserir escudo
A11: T10 | D11: Inserir escudo
A12: T11 | D12: Inserir escudo
A13: T12 | D13: Inserir escudo
... A21: T20 | D21: Inserir escudo

Sheet Cadastro_Atletas
A1: Foto do Jogador | B1: ID | C1: Nome | D1: Número | E1: Time | F1: Nível | G1: Futsal? | H1: Pos Futsal | I1: Vôlei? | J1: Pos Vôlei | K1: Telefone | L1: Observações
A2: Inserir foto | B2: A0001
A3: Inserir foto | B3: A0002
A4: Inserir foto | B4: A0003
A5: Inserir foto | B5: A0004
A6: Inserir foto | B6: A0005
A7: Inserir foto | B7: A0006
A8: Inserir foto | B8: A0007
A9: Inserir foto | B9: A0008
A10: Inserir foto | B10: A0009
A11: Inserir foto | B11: A0010
A12: Inserir foto | B12: A0011
A13: Inserir foto | B13: A0012
... A401: Inserir foto | B401: A0400

Sheet Jogos_Futsal
A1: Grupo | B1: Rodada | C1: Data | D1: Mandante | E1: Gols M | F1: Visitante | G1: Gols V | H1: WO | I1: Pts M | J1: Pts V | K1: Vencedor
I2: =IF(H2="Mandante venceu por WO",Config!$B$12,IF(H2="Visitante venceu por WO",Config!$B$13,IF(OR(E2="",G2=""),"",IF(E2>G2,Config!$B$8,IF(E2=G2,Config!$B$9,Config!$B$10))))) | J2: =IF(H2="Visitante venceu por WO",Config!$B$12,IF(H2="Mandante venceu por WO",Config!$B$13,IF(OR(E2="",G2=""),"",IF(G2>E2,Config!$B$8,IF(E2=G2,Config!$B$9,Config!$B$10))))) | K2: =IF(H2="Mandante venceu por WO",D2,IF(H2="Visitante venceu por WO",F2,IF(OR(E2="",G2=""),"",IF(E2>G2,D2,IF(G2>E2,F2,"Empate")))))
I3: =IF(H3="Mandante venceu por WO",Config!$B$12,IF(H3="Visitante venceu por WO",Config!$B$13,IF(OR(E3="",G3=""),"",IF(E3>G3,Config!$B$8,IF(E3=G3,Config!$B$9,Config!$B$10))))) | J3: =IF(H3="Visitante venceu por WO",Config!$B$12,IF(H3="Mandante venceu por WO",Config!$B$13,IF(OR(E3="",G3=""),"",IF(G3>E3,Config!$B$8,IF(E3=G3,Config!$B$9,Config!$B$10))))) | K3: =IF(H3="Mandante venceu por WO",D3,IF(H3="Visitante venceu por WO",F3,IF(OR(E3="",G3=""),"",IF(E3>G3,D3,IF(G3>E3,F3,"Empate")))))
I4: =IF(H4="Mandante venceu por WO",Config!$B$12,IF(H4="Visitante venceu por WO",Config!$B$13,IF(OR(E4="",G4=""),"",IF(E4>G4,Config!$B$8,IF(E4=G4,Config!$B$9,Config!$B$10))))) | J4: =IF(H4="Visitante venceu por WO",Config!$B$12,IF(H4="Mandante venceu por WO",Config!$B$13,IF(OR(E4="",G4=""),"",IF(G4>E4,Config!$B$8,IF(E4=G4,Config!$B$9,Config!$B$10))))) | K4: =IF(H4="Mandante venceu por WO",D4,IF(H4="Visitante venceu por WO",F4,IF(OR(E4="",G4=""),"",IF(E4>G4,D4,IF(G4>E4,F4,"Empate")))))
I5: =IF(H5="Mandante venceu por WO",Config!$B$12,IF(H5="Visitante venceu por WO",Config!$B$13,IF(OR(E5="",G5=""),"",IF(E5>G5,Config!$B$8,IF(E5=G5,Config!$B$9,Config!$B$10))))) | J5: =IF(H5="Visitante venceu por WO",Config!$B$12,IF(H5="Mandante venceu por WO",Config!$B$13,IF(OR(E5="",G5=""),"",IF(G5>E5,Config!$B$8,IF(E5=G5,Config!$B$9,Config!$B$10))))) | K5: =IF(H5="Mandante venceu por WO",D5,IF(H5="Visitante venceu por WO",F5,IF(OR(E5="",G5=""),"",IF(E5>G5,D5,IF(G5>E5,F5,"Empate")))))
I6: =IF(H6="Mandante venceu por WO",Config!$B$12,IF(H6="Visitante venceu por WO",Config!$B$13,IF(OR(E6="",G6=""),"",IF(E6>G6,Config!$B$8,IF(E6=G6,Config!$B$9,Config!$B$10))))) | J6: =IF(H6="Visitante venceu por WO",Config!$B$12,IF(H6="Mandante venceu por WO",Config!$B$13,IF(OR(E6="",G6=""),"",IF(G6>E6,Config!$B$8,IF(E6=G6,Config!$B$9,Config!$B$10))))) | K6: =IF(H6="Mandante venceu por WO",D6,IF(H6="Visitante venceu por WO",F6,IF(OR(E6="",G6=""),"",IF(E6>G6,D6,IF(G6>E6,F6,"Empate")))))
I7: =IF(H7="Mandante venceu por WO",Config!$B$12,IF(H7="Visitante venceu por WO",Config!$B$13,IF(OR(E7="",G7=""),"",IF(E7>G7,Config!$B$8,IF(E7=G7,Config!$B$9,Config!$B$10))))) | J7: =IF(H7="Visitante venceu por WO",Config!$B$12,IF(H7="Mandante venceu por WO",Config!$B$13,IF(OR(E7="",G7=""),"",IF(G7>E7,Config!$B$8,IF(E7=G7,Config!$B$9,Config!$B$10))))) | K7: =IF(H7="Mandante venceu por WO",D7,IF(H7="Visitante venceu por WO",F7,IF(OR(E7="",G7=""),"",IF(E7>G7,D7,IF(G7>E7,F7,"Empate")))))
I8: =IF(H8="Mandante venceu por WO",Config!$B$12,IF(H8="Visitante venceu por WO",Config!$B$13,IF(OR(E8="",G8=""),"",IF(E8>G8,Config!$B$8,IF(E8=G8,Config!$B$9,Config!$B$10))))) | J8: =IF(H8="Visitante venceu por WO",Config!$B$12,IF(H8="Mandante venceu por WO",Config!$B$13,IF(OR(E8="",G8=""),"",IF(G8>E8,Config!$B$8,IF(E8=G8,Config!$B$9,Config!$B$10))))) | K8: =IF(H8="Mandante venceu por WO",D8,IF(H8="Visitante venceu por WO",F8,IF(OR(E8="",G8=""),"",IF(E8>G8,D8,IF(G8>E8,F8,"Empate")))))
I9: =IF(H9="Mandante venceu por WO",Config!$B$12,IF(H9="Visitante venceu por WO",Config!$B$13,IF(OR(E9="",G9=""),"",IF(E9>G9,Config!$B$8,IF(E9=G9,Config!$B$9,Config!$B$10))))) | J9: =IF(H9="Visitante venceu por WO",Config!$B$12,IF(H9="Mandante venceu por WO",Config!$B$13,IF(OR(E9="",G9=""),"",IF(G9>E9,Config!$B$8,IF(E9=G9,Config!$B$9,Config!$B$10))))) | K9: =IF(H9="Mandante venceu por WO",D9,IF(H9="Visitante venceu por WO",F9,IF(OR(E9="",G9=""),"",IF(E9>G9,D9,IF(G9>E9,F9,"Empate")))))
I10: =IF(H10="Mandante venceu por WO",Config!$B$12,IF(H10="Visitante venceu por WO",Config!$B$13,IF(OR(E10="",G10=""),"",IF(E10>G10,Config!$B$8,IF(E10=G10,Config!$B$9,Config!$B$10))))) | J10: =IF(H10="Visitante venceu por WO",Config!$B$12,IF(H10="Mandante venceu por WO",Config!$B$13,IF(OR(E10="",G10=""),"",IF(G10>E10,Config!$B$8,IF(E10=G10,Config!$B$9,Config!$B$10))))) | K10: =IF(H10="Mandante venceu por WO",D10,IF(H10="Visitante venceu por WO",F10,IF(OR(E10="",G10=""),"",IF(E10>G10,D10,IF(G10>E10,F10,"Empate")))))
I11: =IF(H11="Mandante venceu por WO",Config!$B$12,IF(H11="Visitante venceu por WO",Config!$B$13,IF(OR(E11="",G11=""),"",IF(E11>G11,Config!$B$8,IF(E11=G11,Config!$B$9,Config!$B$10))))) | J11: =IF(H11="Visitante venceu por WO",Config!$B$12,IF(H11="Mandante venceu por WO",Config!$B$13,IF(OR(E11="",G11=""),"",IF(G11>E11,Config!$B$8,IF(E11=G11,Config!$B$9,Config!$B$10))))) | K11: =IF(H11="Mandante venceu por WO",D11,IF(H11="Visitante venceu por WO",F11,IF(OR(E11="",G11=""),"",IF(E11>G11,D11,IF(G11>E11,F11,"Empate")))))
I12: =IF(H12="Mandante venceu por WO",Config!$B$12,IF(H12="Visitante venceu por WO",Config!$B$13,IF(OR(E12="",G12=""),"",IF(E12>G12,Config!$B$8,IF(E12=G12,Config!$B$9,Config!$B$10))))) | J12: =IF(H12="Visitante venceu por WO",Config!$B$12,IF(H12="Mandante venceu por WO",Config!$B$13,IF(OR(E12="",G12=""),"",IF(G12>E12,Config!$B$8,IF(E12=G12,Config!$B$9,Config!$B$10))))) | K12: =IF(H12="Mandante venceu por WO",D12,IF(H12="Visitante venceu por WO",F12,IF(OR(E12="",G12=""),"",IF(E12>G12,D12,IF(G12>E12,F12,"Empate")))))
I13: =IF(H13="Mandante venceu por WO",Config!$B$12,IF(H13="Visitante venceu por WO",Config!$B$13,IF(OR(E13="",G13=""),"",IF(E13>G13,Config!$B$8,IF(E13=G13,Config!$B$9,Config!$B$10))))) | J13: =IF(H13="Visitante venceu por WO",Config!$B$12,IF(H13="Mandante venceu por WO",Config!$B$13,IF(OR(E13="",G13=""),"",IF(G13>E13,Config!$B$8,IF(E13=G13,Config!$B$9,Config!$B$10))))) | K13: =IF(H13="Mandante venceu por WO",D13,IF(H13="Visitante venceu por WO",F13,IF(OR(E13="",G13=""),"",IF(E13>G13,D13,IF(G13>E13,F13,"Empate")))))
... I201: =IF(H201="Mandante venceu por WO",Config!$B$12,IF(H201="Visitante venceu por WO",Config!$B$13,IF(OR(E201="",G201=""),"",IF(E201>G201,Config!$B$8,IF(E201=G201,Config!$B$9,Config!$B$10))))) | J201: =IF(H201="Visitante venceu por WO",Config!$B$12,IF(H201="Mandante venceu por WO",Config!$B$13,IF(OR(E201="",G201=""),"",IF(G201>E201,Config!$B$8,IF(E201=G201,Config!$B$9,Config!$B$10))))) | K201: =IF(H201="Mandante venceu por WO",D201,IF(H201="Visitante venceu por WO",F201,IF(OR(E201="",G201=""),"",IF(E201>G201,D201,IF(G201>E201,F201,"Empate")))))

Sheet Class_Futsal
A1: Time | B1: Grupo | C1: Jogos | D1: Vitórias | E1: Empates | F1: Derrotas | G1: GP | H1: GC | I1: Saldo | J1: Pontos
A2: =Cadastro_Times!B2 | B2: =Cadastro_Times!E2 | C2: =COUNTIF(Jogos_Futsal!$D$2:$D$201,A2)+COUNTIF(Jogos_Futsal!$F$2:$F$201,A2) | D2: =COUNTIFS(Jogos_Futsal!$D$2:$D$201,A2,Jogos_Futsal!$K$2:$K$201,A2)+COUNTIFS(Jogos_Futsal!$F$2:$F$201,A2,Jogos_Futsal!$K$2:$K$201,A2) | E2: =COUNTIFS(Jogos_Futsal!$D$2:$D$201,A2,Jogos_Futsal!$K$2:$K$201,"Empate")+COUNTIFS(Jogos_Futsal!$F$2:$F$201,A2,Jogos_Futsal!$K$2:$K$201,"Empate") | F2: =MAX(0,C2-D2-E2) | G2: =SUMIF(Jogos_Futsal!$D$2:$D$201,A2,Jogos_Futsal!$E$2:$E$201)+SUMIF(Jogos_Futsal!$F$2:$F$201,A2,Jogos_Futsal!$G$2:$G$201) | H2: =SUMIF(Jogos_Futsal!$D$2:$D$201,A2,Jogos_Futsal!$G$2:$G$201)+SUMIF(Jogos_Futsal!$F$2:$F$201,A2,Jogos_Futsal!$E$2:$E$201) | I2: =G2-H2 | J2: =SUMIF(Jogos_Futsal!$D$2:$D$201,A2,Jogos_Futsal!$I$2:$I$201)+SUMIF(Jogos_Futsal!$F$2:$F$201,A2,Jogos_Futsal!$J$2:$J$201)
A3: =Cadastro_Times!B3 | B3: =Cadastro_Times!E3 | C3: =COUNTIF(Jogos_Futsal!$D$2:$D$201,A3)+COUNTIF(Jogos_Futsal!$F$2:$F$201,A3) | D3: =COUNTIFS(Jogos_Futsal!$D$2:$D$201,A3,Jogos_Futsal!$K$2:$K$201,A3)+COUNTIFS(Jogos_Futsal!$F$2:$F$201,A3,Jogos_Futsal!$K$2:$K$201,A3) | E3: =COUNTIFS(Jogos_Futsal!$D$2:$D$201,A3,Jogos_Futsal!$K$2:$K$201,"Empate")+COUNTIFS(Jogos_Futsal!$F$2:$F$201,A3,Jogos_Futsal!$K$2:$K$201,"Empate") | F3: =MAX(0,C3-D3-E3) | G3: =SUMIF(Jogos_Futsal!$D$2:$D$201,A3,Jogos_Futsal!$E$2:$E$201)+SUMIF(Jogos_Futsal!$F$2:$F$201,A3,Jogos_Futsal!$G$2:$G$201) | H3: =SUMIF(Jogos_Futsal!$D$2:$D$201,A3,Jogos_Futsal!$G$2:$G$201)+SUMIF(Jogos_Futsal!$F$2:$F$201,A3,Jogos_Futsal!$E$2:$E$201) | I3: =G3-H3 | J3: =SUMIF(Jogos_Futsal!$D$2:$D$201,A3,Jogos_Futsal!$I$2:$I$201)+SUMIF(Jogos_Futsal!$F$2:$F$201,A3,Jogos_Futsal!$J$2:$J$201)
A4: =Cadastro_Times!B4 | B4: =Cadastro_Times!E4 | C4: =COUNTIF(Jogos_Futsal!$D$2:$D$201,A4)+COUNTIF(Jogos_Futsal!$F$2:$F$201,A4) | D4: =COUNTIFS(Jogos_Futsal!$D$2:$D$201,A4,Jogos_Futsal!$K$2:$K$201,A4)+COUNTIFS(Jogos_Futsal!$F$2:$F$201,A4,Jogos_Futsal!$K$2:$K$201,A4) | E4: =COUNTIFS(Jogos_Futsal!$D$2:$D$201,A4,Jogos_Futsal!$K$2:$K$201,"Empate")+COUNTIFS(Jogos_Futsal!$F$2:$F$201,A4,Jogos_Futsal!$K$2:$K$201,"Empate") | F4: =MAX(0,C4-D4-E4) | G4: =SUMIF(Jogos_Futsal!$D$2:$D$201,A4,Jogos_Futsal!$E$2:$E$201)+SUMIF(Jogos_Futsal!$F$2:$F$201,A4,Jogos_Futsal!$G$2:$G$201) | H4: =SUMIF(Jogos_Futsal!$D$2:$D$201,A4,Jogos_Futsal!$G$2:$G$201)+SUMIF(Jogos_Futsal!$F$2:$F$201,A4,Jogos_Futsal!$E$2:$E$201) | I4: =G4-H4 | J4: =SUMIF(Jogos_Futsal!$D$2:$D$201,A4,Jogos_Futsal!$I$2:$I$201)+SUMIF(Jogos_Futsal!$F$2:$F$201,A4,Jogos_Futsal!$J$2:$J$201)
A5: =Cadastro_Times!B5 | B5: =Cadastro_Times!E5 | C5: =COUNTIF(Jogos_Futsal!$D$2:$D$201,A5)+COUNTIF(Jogos_Futsal!$F$2:$F$201,A5) | D5: =COUNTIFS(Jogos_Futsal!$D$2:$D$201,A5,Jogos_Futsal!$K$2:$K$201,A5)+COUNTIFS(Jogos_Futsal!$F$2:$F$201,A5,Jogos_Futsal!$K$2:$K$201,A5) | E5: =COUNTIFS(Jogos_Futsal!$D$2:$D$201,A5,Jogos_Futsal!$K$2:$K$201,"Empate")+COUNTIFS(Jogos_Futsal!$F$2:$F$201,A5,Jogos_Futsal!$K$2:$K$201,"Empate") | F5: =MAX(0,C5-D5-E5) | G5: =SUMIF(Jogos_Futsal!$D$2:$D$201,A5,Jogos_Futsal!$E$2:$E$201)+SUMIF(Jogos_Futsal!$F$2:$F$201,A5,Jogos_Futsal!$G$2:$G$201) | H5: =SUMIF(Jogos_Futsal!$D$2:$D$201,A5,Jogos_Futsal!$G$2:$G$201)+SUMIF(Jogos_Futsal!$F$2:$F$201,A5,Jogos_Futsal!$E$2:$E$201) | I5: =G5-H5 | J5: =SUMIF(Jogos_Futsal!$D$2:$D$201,A5,Jogos_Futsal!$I$2:$I$201)+SUMIF(Jogos_Futsal!$F$2:$F$201,A5,Jogos_Futsal!$J$2:$J$201)
A6: =Cadastro_Times!B6 | B6: =Cadastro_Times!E6 | C6: =COUNTIF(Jogos_Futsal!$D$2:$D$201,A6)+COUNTIF(Jogos_Futsal!$F$2:$F$201,A6) | D6: =COUNTIFS(Jogos_Futsal!$D$2:$D$201,A6,Jogos_Futsal!$K$2:$K$201,A6)+COUNTIFS(Jogos_Futsal!$F$2:$F$201,A6,Jogos_Futsal!$K$2:$K$201,A6) | E6: =COUNTIFS(Jogos_Futsal!$D$2:$D$201,A6,Jogos_Futsal!$K$2:$K$201,"Empate")+COUNTIFS(Jogos_Futsal!$F$2:$F$201,A6,Jogos_Futsal!$K$2:$K$201,"Empate") | F6: =MAX(0,C6-D6-E6) | G6: =SUMIF(Jogos_Futsal!$D$2:$D$201,A6,Jogos_Futsal!$E$2:$E$201)+SUMIF(Jogos_Futsal!$F$2:$F$201,A6,Jogos_Futsal!$G$2:$G$201) | H6: =SUMIF(Jogos_Futsal!$D$2:$D$201,A6,Jogos_Futsal!$G$2:$G$201)+SUMIF(Jogos_Futsal!$F$2:$F$201,A6,Jogos_Futsal!$E$2:$E$201) | I6: =G6-H6 | J6: =SUMIF(Jogos_Futsal!$D$2:$D$201,A6,Jogos_Futsal!$I$2:$I$201)+SUMIF(Jogos_Futsal!$F$2:$F$201,A6,Jogos_Futsal!$J$2:$J$201)
A7: =Cadastro_Times!B7 | B7: =Cadastro_Times!E7 | C7: =COUNTIF(Jogos_Futsal!$D$2:$D$201,A7)+COUNTIF(Jogos_Futsal!$F$2:$F$201,A7) | D7: =COUNTIFS(Jogos_Futsal!$D$2:$D$201,A7,Jogos_Futsal!$K$2:$K$201,A7)+COUNTIFS(Jogos_Futsal!$F$2:$F$201,A7,Jogos_Futsal!$K$2:$K$201,A7) | E7: =COUNTIFS(Jogos_Futsal!$D$2:$D$201,A7,Jogos_Futsal!$K$2:$K$201,"Empate")+COUNTIFS(Jogos_Futsal!$F$2:$F$201,A7,Jogos_Futsal!$K$2:$K$201,"Empate") | F7: =MAX(0,C7-D7-E7) | G7: =SUMIF(Jogos_Futsal!$D$2:$D$201,A7,Jogos_Futsal!$E$2:$E$201)+SUMIF(Jogos_Futsal!$F$2:$F$201,A7,Jogos_Futsal!$G$2:$G$201) | H7: =SUMIF(Jogos_Futsal!$D$2:$D$201,A7,Jogos_Futsal!$G$2:$G$201)+SUMIF(Jogos_Futsal!$F$2:$F$201,A7,Jogos_Futsal!$E$2:$E$201) | I7: =G7-H7 | J7: =SUMIF(Jogos_Futsal!$D$2:$D$201,A7,Jogos_Futsal!$I$2:$I$201)+SUMIF(Jogos_Futsal!$F$2:$F$201,A7,Jogos_Futsal!$J$2:$J$201)
A8: =Cadastro_Times!B8 | B8: =Cadastro_Times!E8 | C8: =COUNTIF(Jogos_Futsal!$D$2:$D$201,A8)+COUNTIF(Jogos_Futsal!$F$2:$F$201,A8) | D8: =COUNTIFS(Jogos_Futsal!$D$2:$D$201,A8,Jogos_Futsal!$K$2:$K$201,A8)+COUNTIFS(Jogos_Futsal!$F$2:$F$201,A8,Jogos_Futsal!$K$2:$K$201,A8) | E8: =COUNTIFS(Jogos_Futsal!$D$2:$D$201,A8,Jogos_Futsal!$K$2:$K$201,"Empate")+COUNTIFS(Jogos_Futsal!$F$2:$F$201,A8,Jogos_Futsal!$K$2:$K$201,"Empate") | F8: =MAX(0,C8-D8-E8) | G8: =SUMIF(Jogos_Futsal!$D$2:$D$201,A8,Jogos_Futsal!$E$2:$E$201)+SUMIF(Jogos_Futsal!$F$2:$F$201,A8,Jogos_Futsal!$G$2:$G$201) | H8: =SUMIF(Jogos_Futsal!$D$2:$D$201,A8,Jogos_Futsal!$G$2:$G$201)+SUMIF(Jogos_Futsal!$F$2:$F$201,A8,Jogos_Futsal!$E$2:$E$201) | I8: =G8-H8 | J8: =SUMIF(Jogos_Futsal!$D$2:$D$201,A8,Jogos_Futsal!$I$2:$I$201)+SUMIF(Jogos_Futsal!$F$2:$F$201,A8,Jogos_Futsal!$J$2:$J$201)
A9: =Cadastro_Times!B9 | B9: =Cadastro_Times!E9 | C9: =COUNTIF(Jogos_Futsal!$D$2:$D$201,A9)+COUNTIF(Jogos_Futsal!$F$2:$F$201,A9) | D9: =COUNTIFS(Jogos_Futsal!$D$2:$D$201,A9,Jogos_Futsal!$K$2:$K$201,A9)+COUNTIFS(Jogos_Futsal!$F$2:$F$201,A9,Jogos_Futsal!$K$2:$K$201,A9) | E9: =COUNTIFS(Jogos_Futsal!$D$2:$D$201,A9,Jogos_Futsal!$K$2:$K$201,"Empate")+COUNTIFS(Jogos_Futsal!$F$2:$F$201,A9,Jogos_Futsal!$K$2:$K$201,"Empate") | F9: =MAX(0,C9-D9-E9) | G9: =SUMIF(Jogos_Futsal!$D$2:$D$201,A9,Jogos_Futsal!$E$2:$E$201)+SUMIF(Jogos_Futsal!$F$2:$F$201,A9,Jogos_Futsal!$G$2:$G$201) | H9: =SUMIF(Jogos_Futsal!$D$2:$D$201,A9,Jogos_Futsal!$G$2:$G$201)+SUMIF(Jogos_Futsal!$F$2:$F$201,A9,Jogos_Futsal!$E$2:$E$201) | I9: =G9-H9 | J9: =SUMIF(Jogos_Futsal!$D$2:$D$201,A9,Jogos_Futsal!$I$2:$I$201)+SUMIF(Jogos_Futsal!$F$2:$F$201,A9,Jogos_Futsal!$J$2:$J$201)
A10: =Cadastro_Times!B10 | B10: =Cadastro_Times!E10 | C10: =COUNTIF(Jogos_Futsal!$D$2:$D$201,A10)+COUNTIF(Jogos_Futsal!$F$2:$F$201,A10) | D10: =COUNTIFS(Jogos_Futsal!$D$2:$D$201,A10,Jogos_Futsal!$K$2:$K$201,A10)+COUNTIFS(Jogos_Futsal!$F$2:$F$201,A10,Jogos_Futsal!$K$2:$K$201,A10) | E10: =COUNTIFS(Jogos_Futsal!$D$2:$D$201,A10,Jogos_Futsal!$K$2:$K$201,"Empate")+COUNTIFS(Jogos_Futsal!$F$2:$F$201,A10,Jogos_Futsal!$K$2:$K$201,"Empate") | F10: =MAX(0,C10-D10-E10) | G10: =SUMIF(Jogos_Futsal!$D$2:$D$201,A10,Jogos_Futsal!$E$2:$E$201)+SUMIF(Jogos_Futsal!$F$2:$F$201,A10,Jogos_Futsal!$G$2:$G$201) | H10: =SUMIF(Jogos_Futsal!$D$2:$D$201,A10,Jogos_Futsal!$G$2:$G$201)+SUMIF(Jogos_Futsal!$F$2:$F$201,A10,Jogos_Futsal!$E$2:$E$201) | I10: =G10-H10 | J10: =SUMIF(Jogos_Futsal!$D$2:$D$201,A10,Jogos_Futsal!$I$2:$I$201)+SUMIF(Jogos_Futsal!$F$2:$F$201,A10,Jogos_Futsal!$J$2:$J$201)
A11: =Cadastro_Times!B11 | B11: =Cadastro_Times!E11 | C11: =COUNTIF(Jogos_Futsal!$D$2:$D$201,A11)+COUNTIF(Jogos_Futsal!$F$2:$F$201,A11) | D11: =COUNTIFS(Jogos_Futsal!$D$2:$D$201,A11,Jogos_Futsal!$K$2:$K$201,A11)+COUNTIFS(Jogos_Futsal!$F$2:$F$201,A11,Jogos_Futsal!$K$2:$K$201,A11) | E11: =COUNTIFS(Jogos_Futsal!$D$2:$D$201,A11,Jogos_Futsal!$K$2:$K$201,"Empate")+COUNTIFS(Jogos_Futsal!$F$2:$F$201,A11,Jogos_Futsal!$K$2:$K$201,"Empate") | F11: =MAX(0,C11-D11-E11) | G11: =SUMIF(Jogos_Futsal!$D$2:$D$201,A11,Jogos_Futsal!$E$2:$E$201)+SUMIF(Jogos_Futsal!$F$2:$F$201,A11,Jogos_Futsal!$G$2:$G$201) | H11: =SUMIF(Jogos_Futsal!$D$2:$D$201,A11,Jogos_Futsal!$G$2:$G$201)+SUMIF(Jogos_Futsal!$F$2:$F$201,A11,Jogos_Futsal!$E$2:$E$201) | I11: =G11-H11 | J11: =SUMIF(Jogos_Futsal!$D$2:$D$201,A11,Jogos_Futsal!$I$2:$I$201)+SUMIF(Jogos_Futsal!$F$2:$F$201,A11,Jogos_Futsal!$J$2:$J$201)
A12: =Cadastro_Times!B12 | B12: =Cadastro_Times!E12 | C12: =COUNTIF(Jogos_Futsal!$D$2:$D$201,A12)+COUNTIF(Jogos_Futsal!$F$2:$F$201,A12) | D12: =COUNTIFS(Jogos_Futsal!$D$2:$D$201,A12,Jogos_Futsal!$K$2:$K$201,A12)+COUNTIFS(Jogos_Futsal!$F$2:$F$201,A12,Jogos_Futsal!$K$2:$K$201,A12) | E12: =COUNTIFS(Jogos_Futsal!$D$2:$D$201,A12,Jogos_Futsal!$K$2:$K$201,"Empate")+COUNTIFS(Jogos_Futsal!$F$2:$F$201,A12,Jogos_Futsal!$K$2:$K$201,"Empate") | F12: =MAX(0,C12-D12-E12) | G12: =SUMIF(Jogos_Futsal!$D$2:$D$201,A12,Jogos_Futsal!$E$2:$E$201)+SUMIF(Jogos_Futsal!$F$2:$F$201,A12,Jogos_Futsal!$G$2:$G$201) | H12: =SUMIF(Jogos_Futsal!$D$2:$D$201,A12,Jogos_Futsal!$G$2:$G$201)+SUMIF(Jogos_Futsal!$F$2:$F$201,A12,Jogos_Futsal!$E$2:$E$201) | I12: =G12-H12 | J12: =SUMIF(Jogos_Futsal!$D$2:$D$201,A12,Jogos_Futsal!$I$2:$I$201)+SUMIF(Jogos_Futsal!$F$2:$F$201,A12,Jogos_Futsal!$J$2:$J$201)
A13: =Cadastro_Times!B13 | B13: =Cadastro_Times!E13 | C13: =COUNTIF(Jogos_Futsal!$D$2:$D$201,A13)+COUNTIF(Jogos_Futsal!$F$2:$F$201,A13) | D13: =COUNTIFS(Jogos_Futsal!$D$2:$D$201,A13,Jogos_Futsal!$K$2:$K$201,A13)+COUNTIFS(Jogos_Futsal!$F$2:$F$201,A13,Jogos_Futsal!$K$2:$K$201,A13) | E13: =COUNTIFS(Jogos_Futsal!$D$2:$D$201,A13,Jogos_Futsal!$K$2:$K$201,"Empate")+COUNTIFS(Jogos_Futsal!$F$2:$F$201,A13,Jogos_Futsal!$K$2:$K$201,"Empate") | F13: =MAX(0,C13-D13-E13) | G13: =SUMIF(Jogos_Futsal!$D$2:$D$201,A13,Jogos_Futsal!$E$2:$E$201)+SUMIF(Jogos_Futsal!$F$2:$F$201,A13,Jogos_Futsal!$G$2:$G$201) | H13: =SUMIF(Jogos_Futsal!$D$2:$D$201,A13,Jogos_Futsal!$G$2:$G$201)+SUMIF(Jogos_Futsal!$F$2:$F$201,A13,Jogos_Futsal!$E$2:$E$201) | I13: =G13-H13 | J13: =SUMIF(Jogos_Futsal!$D$2:$D$201,A13,Jogos_Futsal!$I$2:$I$201)+SUMIF(Jogos_Futsal!$F$2:$F$201,A13,Jogos_Futsal!$J$2:$J$201)
... A21: =Cadastro_Times!B21 | B21: =Cadastro_Times!E21 | C21: =COUNTIF(Jogos_Futsal!$D$2:$D$201,A21)+COUNTIF(Jogos_Futsal!$F$2:$F$201,A21) | D21: =COUNTIFS(Jogos_Futsal!$D$2:$D$201,A21,Jogos_Futsal!$K$2:$K$201,A21)+COUNTIFS(Jogos_Futsal!$F$2:$F$201,A21,Jogos_Futsal!$K$2:$K$201,A21) | E21: =COUNTIFS(Jogos_Futsal!$D$2:$D$201,A21,Jogos_Futsal!$K$2:$K$201,"Empate")+COUNTIFS(Jogos_Futsal!$F$2:$F$201,A21,Jogos_Futsal!$K$2:$K$201,"Empate") | F21: =MAX(0,C21-D21-E21) | G21: =SUMIF(Jogos_Futsal!$D$2:$D$201,A21,Jogos_Futsal!$E$2:$E$201)+SUMIF(Jogos_Futsal!$F$2:$F$201,A21,Jogos_Futsal!$G$2:$G$201) | H21: =SUMIF(Jogos_Futsal!$D$2:$D$201,A21,Jogos_Futsal!$G$2:$G$201)+SUMIF(Jogos_Futsal!$F$2:$F$201,A21,Jogos_Futsal!$E$2:$E$201) | I21: =G21-H21 | J21: =SUMIF(Jogos_Futsal!$D$2:$D$201,A21,Jogos_Futsal!$I$2:$I$201)+SUMIF(Jogos_Futsal!$F$2:$F$201,A21,Jogos_Futsal!$J$2:$J$201)

Sheet Planejamento_Futsal
A1: Grupo | B1: Qtd Times | C1: Formato Grupos | D1: Rodadas Previstas | E1: Confrontos Previstos | F1: Jogos Lançados | G1: Pendentes
A2: Grupo A | B2: =COUNTIF(Cadastro_Times!$E$2:$E$21,A2) | C2: =Config!$B$6 | D2: =IF(B2<2,0,IF(C2="Ida e volta",(B2-1)*2,B2-1)) | E2: =IF(B2<2,0,IF(C2="Ida e volta",B2*(B2-1),B2*(B2-1)/2)) | F2: =COUNTIF(Jogos_Futsal!$A$2:$A$201,A2) | G2: =MAX(0,E2-F2)
A3: Grupo B | B3: =COUNTIF(Cadastro_Times!$E$2:$E$21,A3) | C3: =Config!$B$6 | D3: =IF(B3<2,0,IF(C3="Ida e volta",(B3-1)*2,B3-1)) | E3: =IF(B3<2,0,IF(C3="Ida e volta",B3*(B3-1),B3*(B3-1)/2)) | F3: =COUNTIF(Jogos_Futsal!$A$2:$A$201,A3) | G3: =MAX(0,E3-F3)
A4: Grupo C | B4: =COUNTIF(Cadastro_Times!$E$2:$E$21,A4) | C4: =Config!$B$6 | D4: =IF(B4<2,0,IF(C4="Ida e volta",(B4-1)*2,B4-1)) | E4: =IF(B4<2,0,IF(C4="Ida e volta",B4*(B4-1),B4*(B4-1)/2)) | F4: =COUNTIF(Jogos_Futsal!$A$2:$A$201,A4) | G4: =MAX(0,E4-F4)
A5: Grupo D | B5: =COUNTIF(Cadastro_Times!$E$2:$E$21,A5) | C5: =Config!$B$6 | D5: =IF(B5<2,0,IF(C5="Ida e volta",(B5-1)*2,B5-1)) | E5: =IF(B5<2,0,IF(C5="Ida e volta",B5*(B5-1),B5*(B5-1)/2)) | F5: =COUNTIF(Jogos_Futsal!$A$2:$A$201,A5) | G5: =MAX(0,E5-F5)
A6: Grupo E | B6: =COUNTIF(Cadastro_Times!$E$2:$E$21,A6) | C6: =Config!$B$6 | D6: =IF(B6<2,0,IF(C6="Ida e volta",(B6-1)*2,B6-1)) | E6: =IF(B6<2,0,IF(C6="Ida e volta",B6*(B6-1),B6*(B6-1)/2)) | F6: =COUNTIF(Jogos_Futsal!$A$2:$A$201,A6) | G6: =MAX(0,E6-F6)
A7: Grupo F | B7: =COUNTIF(Cadastro_Times!$E$2:$E$21,A7) | C7: =Config!$B$6 | D7: =IF(B7<2,0,IF(C7="Ida e volta",(B7-1)*2,B7-1)) | E7: =IF(B7<2,0,IF(C7="Ida e volta",B7*(B7-1),B7*(B7-1)/2)) | F7: =COUNTIF(Jogos_Futsal!$A$2:$A$201,A7) | G7: =MAX(0,E7-F7)
A10: Mata-mata Futsal
A11: Formato | B11: Semifinais | C11: 3º Lugar | D11: Final | E11: Total Previsto
A12: =Config!$B$13 | B12: =IF(A12="Ida e volta",4,2) | C12: =IF(A12="Ida e volta",2,1) | D12: =IF(A12="Ida e volta",2,1) | E12: =SUM(B12:D12)

Sheet Jogos_Volei
A1: Grupo | B1: Rodada | C1: Data | D1: Mandante | E1: Sets M | F1: Visitante | G1: Sets V | H1: WO | I1: Rally Pts M | J1: Rally Pts V | K1: Pts Tab M | L1: Pts Tab V | M1: Vencedor
K2: =IF(H2="Mandante venceu por WO",Config!$B$19,IF(H2="Visitante venceu por WO",0,IF(OR(E2="",G2=""),"",IF(E2>G2,IF(G2=0,Config!$B$16,Config!$B$17),IF(G2>E2,IF(E2>0,Config!$B$18,0),""))))) | L2: =IF(H2="Visitante venceu por WO",Config!$B$19,IF(H2="Mandante venceu por WO",0,IF(OR(E2="",G2=""),"",IF(G2>E2,IF(E2=0,Config!$B$16,Config!$B$17),IF(E2>G2,IF(G2>0,Config!$B$18,0),""))))) | M2: =IF(H2="Mandante venceu por WO",D2,IF(H2="Visitante venceu por WO",F2,IF(OR(E2="",G2=""),"",IF(E2>G2,D2,F2))))
K3: =IF(H3="Mandante venceu por WO",Config!$B$19,IF(H3="Visitante venceu por WO",0,IF(OR(E3="",G3=""),"",IF(E3>G3,IF(G3=0,Config!$B$16,Config!$B$17),IF(G3>E3,IF(E3>0,Config!$B$18,0),""))))) | L3: =IF(H3="Visitante venceu por WO",Config!$B$19,IF(H3="Mandante venceu por WO",0,IF(OR(E3="",G3=""),"",IF(G3>E3,IF(E3=0,Config!$B$16,Config!$B$17),IF(E3>G3,IF(G3>0,Config!$B$18,0),""))))) | M3: =IF(H3="Mandante venceu por WO",D3,IF(H3="Visitante venceu por WO",F3,IF(OR(E3="",G3=""),"",IF(E3>G3,D3,F3))))
K4: =IF(H4="Mandante venceu por WO",Config!$B$19,IF(H4="Visitante venceu por WO",0,IF(OR(E4="",G4=""),"",IF(E4>G4,IF(G4=0,Config!$B$16,Config!$B$17),IF(G4>E4,IF(E4>0,Config!$B$18,0),""))))) | L4: =IF(H4="Visitante venceu por WO",Config!$B$19,IF(H4="Mandante venceu por WO",0,IF(OR(E4="",G4=""),"",IF(G4>E4,IF(E4=0,Config!$B$16,Config!$B$17),IF(E4>G4,IF(G4>0,Config!$B$18,0),""))))) | M4: =IF(H4="Mandante venceu por WO",D4,IF(H4="Visitante venceu por WO",F4,IF(OR(E4="",G4=""),"",IF(E4>G4,D4,F4))))
K5: =IF(H5="Mandante venceu por WO",Config!$B$19,IF(H5="Visitante venceu por WO",0,IF(OR(E5="",G5=""),"",IF(E5>G5,IF(G5=0,Config!$B$16,Config!$B$17),IF(G5>E5,IF(E5>0,Config!$B$18,0),""))))) | L5: =IF(H5="Visitante venceu por WO",Config!$B$19,IF(H5="Mandante venceu por WO",0,IF(OR(E5="",G5=""),"",IF(G5>E5,IF(E5=0,Config!$B$16,Config!$B$17),IF(E5>G5,IF(G5>0,Config!$B$18,0),""))))) | M5: =IF(H5="Mandante venceu por WO",D5,IF(H5="Visitante venceu por WO",F5,IF(OR(E5="",G5=""),"",IF(E5>G5,D5,F5))))
K6: =IF(H6="Mandante venceu por WO",Config!$B$19,IF(H6="Visitante venceu por WO",0,IF(OR(E6="",G6=""),"",IF(E6>G6,IF(G6=0,Config!$B$16,Config!$B$17),IF(G6>E6,IF(E6>0,Config!$B$18,0),""))))) | L6: =IF(H6="Visitante venceu por WO",Config!$B$19,IF(H6="Mandante venceu por WO",0,IF(OR(E6="",G6=""),"",IF(G6>E6,IF(E6=0,Config!$B$16,Config!$B$17),IF(E6>G6,IF(G6>0,Config!$B$18,0),""))))) | M6: =IF(H6="Mandante venceu por WO",D6,IF(H6="Visitante venceu por WO",F6,IF(OR(E6="",G6=""),"",IF(E6>G6,D6,F6))))
K7: =IF(H7="Mandante venceu por WO",Config!$B$19,IF(H7="Visitante venceu por WO",0,IF(OR(E7="",G7=""),"",IF(E7>G7,IF(G7=0,Config!$B$16,Config!$B$17),IF(G7>E7,IF(E7>0,Config!$B$18,0),""))))) | L7: =IF(H7="Visitante venceu por WO",Config!$B$19,IF(H7="Mandante venceu por WO",0,IF(OR(E7="",G7=""),"",IF(G7>E7,IF(E7=0,Config!$B$16,Config!$B$17),IF(E7>G7,IF(G7>0,Config!$B$18,0),""))))) | M7: =IF(H7="Mandante venceu por WO",D7,IF(H7="Visitante venceu por WO",F7,IF(OR(E7="",G7=""),"",IF(E7>G7,D7,F7))))
K8: =IF(H8="Mandante venceu por WO",Config!$B$19,IF(H8="Visitante venceu por WO",0,IF(OR(E8="",G8=""),"",IF(E8>G8,IF(G8=0,Config!$B$16,Config!$B$17),IF(G8>E8,IF(E8>0,Config!$B$18,0),""))))) | L8: =IF(H8="Visitante venceu por WO",Config!$B$19,IF(H8="Mandante venceu por WO",0,IF(OR(E8="",G8=""),"",IF(G8>E8,IF(E8=0,Config!$B$16,Config!$B$17),IF(E8>G8,IF(G8>0,Config!$B$18,0),""))))) | M8: =IF(H8="Mandante venceu por WO",D8,IF(H8="Visitante venceu por WO",F8,IF(OR(E8="",G8=""),"",IF(E8>G8,D8,F8))))
K9: =IF(H9="Mandante venceu por WO",Config!$B$19,IF(H9="Visitante venceu por WO",0,IF(OR(E9="",G9=""),"",IF(E9>G9,IF(G9=0,Config!$B$16,Config!$B$17),IF(G9>E9,IF(E9>0,Config!$B$18,0),""))))) | L9: =IF(H9="Visitante venceu por WO",Config!$B$19,IF(H9="Mandante venceu por WO",0,IF(OR(E9="",G9=""),"",IF(G9>E9,IF(E9=0,Config!$B$16,Config!$B$17),IF(E9>G9,IF(G9>0,Config!$B$18,0),""))))) | M9: =IF(H9="Mandante venceu por WO",D9,IF(H9="Visitante venceu por WO",F9,IF(OR(E9="",G9=""),"",IF(E9>G9,D9,F9))))
K10: =IF(H10="Mandante venceu por WO",Config!$B$19,IF(H10="Visitante venceu por WO",0,IF(OR(E10="",G10=""),"",IF(E10>G10,IF(G10=0,Config!$B$16,Config!$B$17),IF(G10>E10,IF(E10>0,Config!$B$18,0),""))))) | L10: =IF(H10="Visitante venceu por WO",Config!$B$19,IF(H10="Mandante venceu por WO",0,IF(OR(E10="",G10=""),"",IF(G10>E10,IF(E10=0,Config!$B$16,Config!$B$17),IF(E10>G10,IF(G10>0,Config!$B$18,0),""))))) | M10: =IF(H10="Mandante venceu por WO",D10,IF(H10="Visitante venceu por WO",F10,IF(OR(E10="",G10=""),"",IF(E10>G10,D10,F10))))
K11: =IF(H11="Mandante venceu por WO",Config!$B$19,IF(H11="Visitante venceu por WO",0,IF(OR(E11="",G11=""),"",IF(E11>G11,IF(G11=0,Config!$B$16,Config!$B$17),IF(G11>E11,IF(E11>0,Config!$B$18,0),""))))) | L11: =IF(H11="Visitante venceu por WO",Config!$B$19,IF(H11="Mandante venceu por WO",0,IF(OR(E11="",G11=""),"",IF(G11>E11,IF(E11=0,Config!$B$16,Config!$B$17),IF(E11>G11,IF(G11>0,Config!$B$18,0),""))))) | M11: =IF(H11="Mandante venceu por WO",D11,IF(H11="Visitante venceu por WO",F11,IF(OR(E11="",G11=""),"",IF(E11>G11,D11,F11))))
K12: =IF(H12="Mandante venceu por WO",Config!$B$19,IF(H12="Visitante venceu por WO",0,IF(OR(E12="",G12=""),"",IF(E12>G12,IF(G12=0,Config!$B$16,Config!$B$17),IF(G12>E12,IF(E12>0,Config!$B$18,0),""))))) | L12: =IF(H12="Visitante venceu por WO",Config!$B$19,IF(H12="Mandante venceu por WO",0,IF(OR(E12="",G12=""),"",IF(G12>E12,IF(E12=0,Config!$B$16,Config!$B$17),IF(E12>G12,IF(G12>0,Config!$B$18,0),""))))) | M12: =IF(H12="Mandante venceu por WO",D12,IF(H12="Visitante venceu por WO",F12,IF(OR(E12="",G12=""),"",IF(E12>G12,D12,F12))))
K13: =IF(H13="Mandante venceu por WO",Config!$B$19,IF(H13="Visitante venceu por WO",0,IF(OR(E13="",G13=""),"",IF(E13>G13,IF(G13=0,Config!$B$16,Config!$B$17),IF(G13>E13,IF(E13>0,Config!$B$18,0),""))))) | L13: =IF(H13="Visitante venceu por WO",Config!$B$19,IF(H13="Mandante venceu por WO",0,IF(OR(E13="",G13=""),"",IF(G13>E13,IF(E13=0,Config!$B$16,Config!$B$17),IF(E13>G13,IF(G13>0,Config!$B$18,0),""))))) | M13: =IF(H13="Mandante venceu por WO",D13,IF(H13="Visitante venceu por WO",F13,IF(OR(E13="",G13=""),"",IF(E13>G13,D13,F13))))
... K201: =IF(H201="Mandante venceu por WO",Config!$B$19,IF(H201="Visitante venceu por WO",0,IF(OR(E201="",G201=""),"",IF(E201>G201,IF(G201=0,Config!$B$16,Config!$B$17),IF(G201>E201,IF(E201>0,Config!$B$18,0),""))))) | L201: =IF(H201="Visitante venceu por WO",Config!$B$19,IF(H201="Mandante venceu por WO",0,IF(OR(E201="",G201=""),"",IF(G201>E201,IF(E201=0,Config!$B$16,Config!$B$17),IF(E201>G201,IF(G201>0,Config!$B$18,0),""))))) | M201: =IF(H201="Mandante venceu por WO",D201,IF(H201="Visitante venceu por WO",F201,IF(OR(E201="",G201=""),"",IF(E201>G201,D201,F201))))

Sheet Class_Volei
A1: Time | B1: Grupo | C1: Jogos | D1: Vitórias | E1: Derrotas | F1: Sets Pró | G1: Sets Contra | H1: Saldo Sets | I1: Rally Pró | J1: Rally Contra | K1: Saldo Rally | L1: Pontos
A2: =Cadastro_Times!B2 | B2: =Cadastro_Times!F2 | C2: =COUNTIF(Jogos_Volei!$D$2:$D$201,A2)+COUNTIF(Jogos_Volei!$F$2:$F$201,A2) | D2: =COUNTIFS(Jogos_Volei!$D$2:$D$201,A2,Jogos_Volei!$M$2:$M$201,A2)+COUNTIFS(Jogos_Volei!$F$2:$F$201,A2,Jogos_Volei!$M$2:$M$201,A2) | E2: =MAX(0,C2-D2) | F2: =SUMIF(Jogos_Volei!$D$2:$D$201,A2,Jogos_Volei!$E$2:$E$201)+SUMIF(Jogos_Volei!$F$2:$F$201,A2,Jogos_Volei!$G$2:$G$201) | G2: =SUMIF(Jogos_Volei!$D$2:$D$201,A2,Jogos_Volei!$G$2:$G$201)+SUMIF(Jogos_Volei!$F$2:$F$201,A2,Jogos_Volei!$E$2:$E$201) | H2: =F2-G2 | I2: =SUMIF(Jogos_Volei!$D$2:$D$201,A2,Jogos_Volei!$I$2:$I$201)+SUMIF(Jogos_Volei!$F$2:$F$201,A2,Jogos_Volei!$J$2:$J$201) | J2: =SUMIF(Jogos_Volei!$D$2:$D$201,A2,Jogos_Volei!$J$2:$J$201)+SUMIF(Jogos_Volei!$F$2:$F$201,A2,Jogos_Volei!$I$2:$I$201) | K2: =I2-J2 | L2: =SUMIF(Jogos_Volei!$D$2:$D$201,A2,Jogos_Volei!$K$2:$K$201)+SUMIF(Jogos_Volei!$F$2:$F$201,A2,Jogos_Volei!$L$2:$L$201)
A3: =Cadastro_Times!B3 | B3: =Cadastro_Times!F3 | C3: =COUNTIF(Jogos_Volei!$D$2:$D$201,A3)+COUNTIF(Jogos_Volei!$F$2:$F$201,A3) | D3: =COUNTIFS(Jogos_Volei!$D$2:$D$201,A3,Jogos_Volei!$M$2:$M$201,A3)+COUNTIFS(Jogos_Volei!$F$2:$F$201,A3,Jogos_Volei!$M$2:$M$201,A3) | E3: =MAX(0,C3-D3) | F3: =SUMIF(Jogos_Volei!$D$2:$D$201,A3,Jogos_Volei!$E$2:$E$201)+SUMIF(Jogos_Volei!$F$2:$F$201,A3,Jogos_Volei!$G$2:$G$201) | G3: =SUMIF(Jogos_Volei!$D$2:$D$201,A3,Jogos_Volei!$G$2:$G$201)+SUMIF(Jogos_Volei!$F$2:$F$201,A3,Jogos_Volei!$E$2:$E$201) | H3: =F3-G3 | I3: =SUMIF(Jogos_Volei!$D$2:$D$201,A3,Jogos_Volei!$I$2:$I$201)+SUMIF(Jogos_Volei!$F$2:$F$201,A3,Jogos_Volei!$J$2:$J$201) | J3: =SUMIF(Jogos_Volei!$D$2:$D$201,A3,Jogos_Volei!$J$2:$J$201)+SUMIF(Jogos_Volei!$F$2:$F$201,A3,Jogos_Volei!$I$2:$I$201) | K3: =I3-J3 | L3: =SUMIF(Jogos_Volei!$D$2:$D$201,A3,Jogos_Volei!$K$2:$K$201)+SUMIF(Jogos_Volei!$F$2:$F$201,A3,Jogos_Volei!$L$2:$L$201)
A4: =Cadastro_Times!B4 | B4: =Cadastro_Times!F4 | C4: =COUNTIF(Jogos_Volei!$D$2:$D$201,A4)+COUNTIF(Jogos_Volei!$F$2:$F$201,A4) | D4: =COUNTIFS(Jogos_Volei!$D$2:$D$201,A4,Jogos_Volei!$M$2:$M$201,A4)+COUNTIFS(Jogos_Volei!$F$2:$F$201,A4,Jogos_Volei!$M$2:$M$201,A4) | E4: =MAX(0,C4-D4) | F4: =SUMIF(Jogos_Volei!$D$2:$D$201,A4,Jogos_Volei!$E$2:$E$201)+SUMIF(Jogos_Volei!$F$2:$F$201,A4,Jogos_Volei!$G$2:$G$201) | G4: =SUMIF(Jogos_Volei!$D$2:$D$201,A4,Jogos_Volei!$G$2:$G$201)+SUMIF(Jogos_Volei!$F$2:$F$201,A4,Jogos_Volei!$E$2:$E$201) | H4: =F4-G4 | I4: =SUMIF(Jogos_Volei!$D$2:$D$201,A4,Jogos_Volei!$I$2:$I$201)+SUMIF(Jogos_Volei!$F$2:$F$201,A4,Jogos_Volei!$J$2:$J$201) | J4: =SUMIF(Jogos_Volei!$D$2:$D$201,A4,Jogos_Volei!$J$2:$J$201)+SUMIF(Jogos_Volei!$F$2:$F$201,A4,Jogos_Volei!$I$2:$I$201) | K4: =I4-J4 | L4: =SUMIF(Jogos_Volei!$D$2:$D$201,A4,Jogos_Volei!$K$2:$K$201)+SUMIF(Jogos_Volei!$F$2:$F$201,A4,Jogos_Volei!$L$2:$L$201)
A5: =Cadastro_Times!B5 | B5: =Cadastro_Times!F5 | C5: =COUNTIF(Jogos_Volei!$D$2:$D$201,A5)+COUNTIF(Jogos_Volei!$F$2:$F$201,A5) | D5: =COUNTIFS(Jogos_Volei!$D$2:$D$201,A5,Jogos_Volei!$M$2:$M$201,A5)+COUNTIFS(Jogos_Volei!$F$2:$F$201,A5,Jogos_Volei!$M$2:$M$201,A5) | E5: =MAX(0,C5-D5) | F5: =SUMIF(Jogos_Volei!$D$2:$D$201,A5,Jogos_Volei!$E$2:$E$201)+SUMIF(Jogos_Volei!$F$2:$F$201,A5,Jogos_Volei!$G$2:$G$201) | G5: =SUMIF(Jogos_Volei!$D$2:$D$201,A5,Jogos_Volei!$G$2:$G$201)+SUMIF(Jogos_Volei!$F$2:$F$201,A5,Jogos_Volei!$E$2:$E$201) | H5: =F5-G5 | I5: =SUMIF(Jogos_Volei!$D$2:$D$201,A5,Jogos_Volei!$I$2:$I$201)+SUMIF(Jogos_Volei!$F$2:$F$201,A5,Jogos_Volei!$J$2:$J$201) | J5: =SUMIF(Jogos_Volei!$D$2:$D$201,A5,Jogos_Volei!$J$2:$J$201)+SUMIF(Jogos_Volei!$F$2:$F$201,A5,Jogos_Volei!$I$2:$I$201) | K5: =I5-J5 | L5: =SUMIF(Jogos_Volei!$D$2:$D$201,A5,Jogos_Volei!$K$2:$K$201)+SUMIF(Jogos_Volei!$F$2:$F$201,A5,Jogos_Volei!$L$2:$L$201)
A6: =Cadastro_Times!B6 | B6: =Cadastro_Times!F6 | C6: =COUNTIF(Jogos_Volei!$D$2:$D$201,A6)+COUNTIF(Jogos_Volei!$F$2:$F$201,A6) | D6: =COUNTIFS(Jogos_Volei!$D$2:$D$201,A6,Jogos_Volei!$M$2:$M$201,A6)+COUNTIFS(Jogos_Volei!$F$2:$F$201,A6,Jogos_Volei!$M$2:$M$201,A6) | E6: =MAX(0,C6-D6) | F6: =SUMIF(Jogos_Volei!$D$2:$D$201,A6,Jogos_Volei!$E$2:$E$201)+SUMIF(Jogos_Volei!$F$2:$F$201,A6,Jogos_Volei!$G$2:$G$201) | G6: =SUMIF(Jogos_Volei!$D$2:$D$201,A6,Jogos_Volei!$G$2:$G$201)+SUMIF(Jogos_Volei!$F$2:$F$201,A6,Jogos_Volei!$E$2:$E$201) | H6: =F6-G6 | I6: =SUMIF(Jogos_Volei!$D$2:$D$201,A6,Jogos_Volei!$I$2:$I$201)+SUMIF(Jogos_Volei!$F$2:$F$201,A6,Jogos_Volei!$J$2:$J$201) | J6: =SUMIF(Jogos_Volei!$D$2:$D$201,A6,Jogos_Volei!$J$2:$J$201)+SUMIF(Jogos_Volei!$F$2:$F$201,A6,Jogos_Volei!$I$2:$I$201) | K6: =I6-J6 | L6: =SUMIF(Jogos_Volei!$D$2:$D$201,A6,Jogos_Volei!$K$2:$K$201)+SUMIF(Jogos_Volei!$F$2:$F$201,A6,Jogos_Volei!$L$2:$L$201)
A7: =Cadastro_Times!B7 | B7: =Cadastro_Times!F7 | C7: =COUNTIF(Jogos_Volei!$D$2:$D$201,A7)+COUNTIF(Jogos_Volei!$F$2:$F$201,A7) | D7: =COUNTIFS(Jogos_Volei!$D$2:$D$201,A7,Jogos_Volei!$M$2:$M$201,A7)+COUNTIFS(Jogos_Volei!$F$2:$F$201,A7,Jogos_Volei!$M$2:$M$201,A7) | E7: =MAX(0,C7-D7) | F7: =SUMIF(Jogos_Volei!$D$2:$D$201,A7,Jogos_Volei!$E$2:$E$201)+SUMIF(Jogos_Volei!$F$2:$F$201,A7,Jogos_Volei!$G$2:$G$201) | G7: =SUMIF(Jogos_Volei!$D$2:$D$201,A7,Jogos_Volei!$G$2:$G$201)+SUMIF(Jogos_Volei!$F$2:$F$201,A7,Jogos_Volei!$E$2:$E$201) | H7: =F7-G7 | I7: =SUMIF(Jogos_Volei!$D$2:$D$201,A7,Jogos_Volei!$I$2:$I$201)+SUMIF(Jogos_Volei!$F$2:$F$201,A7,Jogos_Volei!$J$2:$J$201) | J7: =SUMIF(Jogos_Volei!$D$2:$D$201,A7,Jogos_Volei!$J$2:$J$201)+SUMIF(Jogos_Volei!$F$2:$F$201,A7,Jogos_Volei!$I$2:$I$201) | K7: =I7-J7 | L7: =SUMIF(Jogos_Volei!$D$2:$D$201,A7,Jogos_Volei!$K$2:$K$201)+SUMIF(Jogos_Volei!$F$2:$F$201,A7,Jogos_Volei!$L$2:$L$201)
A8: =Cadastro_Times!B8 | B8: =Cadastro_Times!F8 | C8: =COUNTIF(Jogos_Volei!$D$2:$D$201,A8)+COUNTIF(Jogos_Volei!$F$2:$F$201,A8) | D8: =COUNTIFS(Jogos_Volei!$D$2:$D$201,A8,Jogos_Volei!$M$2:$M$201,A8)+COUNTIFS(Jogos_Volei!$F$2:$F$201,A8,Jogos_Volei!$M$2:$M$201,A8) | E8: =MAX(0,C8-D8) | F8: =SUMIF(Jogos_Volei!$D$2:$D$201,A8,Jogos_Volei!$E$2:$E$201)+SUMIF(Jogos_Volei!$F$2:$F$201,A8,Jogos_Volei!$G$2:$G$201) | G8: =SUMIF(Jogos_Volei!$D$2:$D$201,A8,Jogos_Volei!$G$2:$G$201)+SUMIF(Jogos_Volei!$F$2:$F$201,A8,Jogos_Volei!$E$2:$E$201) | H8: =F8-G8 | I8: =SUMIF(Jogos_Volei!$D$2:$D$201,A8,Jogos_Volei!$I$2:$I$201)+SUMIF(Jogos_Volei!$F$2:$F$201,A8,Jogos_Volei!$J$2:$J$201) | J8: =SUMIF(Jogos_Volei!$D$2:$D$201,A8,Jogos_Volei!$J$2:$J$201)+SUMIF(Jogos_Volei!$F$2:$F$201,A8,Jogos_Volei!$I$2:$I$201) | K8: =I8-J8 | L8: =SUMIF(Jogos_Volei!$D$2:$D$201,A8,Jogos_Volei!$K$2:$K$201)+SUMIF(Jogos_Volei!$F$2:$F$201,A8,Jogos_Volei!$L$2:$L$201)
A9: =Cadastro_Times!B9 | B9: =Cadastro_Times!F9 | C9: =COUNTIF(Jogos_Volei!$D$2:$D$201,A9)+COUNTIF(Jogos_Volei!$F$2:$F$201,A9) | D9: =COUNTIFS(Jogos_Volei!$D$2:$D$201,A9,Jogos_Volei!$M$2:$M$201,A9)+COUNTIFS(Jogos_Volei!$F$2:$F$201,A9,Jogos_Volei!$M$2:$M$201,A9) | E9: =MAX(0,C9-D9) | F9: =SUMIF(Jogos_Volei!$D$2:$D$201,A9,Jogos_Volei!$E$2:$E$201)+SUMIF(Jogos_Volei!$F$2:$F$201,A9,Jogos_Volei!$G$2:$G$201) | G9: =SUMIF(Jogos_Volei!$D$2:$D$201,A9,Jogos_Volei!$G$2:$G$201)+SUMIF(Jogos_Volei!$F$2:$F$201,A9,Jogos_Volei!$E$2:$E$201) | H9: =F9-G9 | I9: =SUMIF(Jogos_Volei!$D$2:$D$201,A9,Jogos_Volei!$I$2:$I$201)+SUMIF(Jogos_Volei!$F$2:$F$201,A9,Jogos_Volei!$J$2:$J$201) | J9: =SUMIF(Jogos_Volei!$D$2:$D$201,A9,Jogos_Volei!$J$2:$J$201)+SUMIF(Jogos_Volei!$F$2:$F$201,A9,Jogos_Volei!$I$2:$I$201) | K9: =I9-J9 | L9: =SUMIF(Jogos_Volei!$D$2:$D$201,A9,Jogos_Volei!$K$2:$K$201)+SUMIF(Jogos_Volei!$F$2:$F$201,A9,Jogos_Volei!$L$2:$L$201)
A10: =Cadastro_Times!B10 | B10: =Cadastro_Times!F10 | C10: =COUNTIF(Jogos_Volei!$D$2:$D$201,A10)+COUNTIF(Jogos_Volei!$F$2:$F$201,A10) | D10: =COUNTIFS(Jogos_Volei!$D$2:$D$201,A10,Jogos_Volei!$M$2:$M$201,A10)+COUNTIFS(Jogos_Volei!$F$2:$F$201,A10,Jogos_Volei!$M$2:$M$201,A10) | E10: =MAX(0,C10-D10) | F10: =SUMIF(Jogos_Volei!$D$2:$D$201,A10,Jogos_Volei!$E$2:$E$201)+SUMIF(Jogos_Volei!$F$2:$F$201,A10,Jogos_Volei!$G$2:$G$201) | G10: =SUMIF(Jogos_Volei!$D$2:$D$201,A10,Jogos_Volei!$G$2:$G$201)+SUMIF(Jogos_Volei!$F$2:$F$201,A10,Jogos_Volei!$E$2:$E$201) | H10: =F10-G10 | I10: =SUMIF(Jogos_Volei!$D$2:$D$201,A10,Jogos_Volei!$I$2:$I$201)+SUMIF(Jogos_Volei!$F$2:$F$201,A10,Jogos_Volei!$J$2:$J$201) | J10: =SUMIF(Jogos_Volei!$D$2:$D$201,A10,Jogos_Volei!$J$2:$J$201)+SUMIF(Jogos_Volei!$F$2:$F$201,A10,Jogos_Volei!$I$2:$I$201) | K10: =I10-J10 | L10: =SUMIF(Jogos_Volei!$D$2:$D$201,A10,Jogos_Volei!$K$2:$K$201)+SUMIF(Jogos_Volei!$F$2:$F$201,A10,Jogos_Volei!$L$2:$L$201)
A11: =Cadastro_Times!B11 | B11: =Cadastro_Times!F11 | C11: =COUNTIF(Jogos_Volei!$D$2:$D$201,A11)+COUNTIF(Jogos_Volei!$F$2:$F$201,A11) | D11: =COUNTIFS(Jogos_Volei!$D$2:$D$201,A11,Jogos_Volei!$M$2:$M$201,A11)+COUNTIFS(Jogos_Volei!$F$2:$F$201,A11,Jogos_Volei!$M$2:$M$201,A11) | E11: =MAX(0,C11-D11) | F11: =SUMIF(Jogos_Volei!$D$2:$D$201,A11,Jogos_Volei!$E$2:$E$201)+SUMIF(Jogos_Volei!$F$2:$F$201,A11,Jogos_Volei!$G$2:$G$201) | G11: =SUMIF(Jogos_Volei!$D$2:$D$201,A11,Jogos_Volei!$G$2:$G$201)+SUMIF(Jogos_Volei!$F$2:$F$201,A11,Jogos_Volei!$E$2:$E$201) | H11: =F11-G11 | I11: =SUMIF(Jogos_Volei!$D$2:$D$201,A11,Jogos_Volei!$I$2:$I$201)+SUMIF(Jogos_Volei!$F$2:$F$201,A11,Jogos_Volei!$J$2:$J$201) | J11: =SUMIF(Jogos_Volei!$D$2:$D$201,A11,Jogos_Volei!$J$2:$J$201)+SUMIF(Jogos_Volei!$F$2:$F$201,A11,Jogos_Volei!$I$2:$I$201) | K11: =I11-J11 | L11: =SUMIF(Jogos_Volei!$D$2:$D$201,A11,Jogos_Volei!$K$2:$K$201)+SUMIF(Jogos_Volei!$F$2:$F$201,A11,Jogos_Volei!$L$2:$L$201)
A12: =Cadastro_Times!B12 | B12: =Cadastro_Times!F12 | C12: =COUNTIF(Jogos_Volei!$D$2:$D$201,A12)+COUNTIF(Jogos_Volei!$F$2:$F$201,A12) | D12: =COUNTIFS(Jogos_Volei!$D$2:$D$201,A12,Jogos_Volei!$M$2:$M$201,A12)+COUNTIFS(Jogos_Volei!$F$2:$F$201,A12,Jogos_Volei!$M$2:$M$201,A12) | E12: =MAX(0,C12-D12) | F12: =SUMIF(Jogos_Volei!$D$2:$D$201,A12,Jogos_Volei!$E$2:$E$201)+SUMIF(Jogos_Volei!$F$2:$F$201,A12,Jogos_Volei!$G$2:$G$201) | G12: =SUMIF(Jogos_Volei!$D$2:$D$201,A12,Jogos_Volei!$G$2:$G$201)+SUMIF(Jogos_Volei!$F$2:$F$201,A12,Jogos_Volei!$E$2:$E$201) | H12: =F12-G12 | I12: =SUMIF(Jogos_Volei!$D$2:$D$201,A12,Jogos_Volei!$I$2:$I$201)+SUMIF(Jogos_Volei!$F$2:$F$201,A12,Jogos_Volei!$J$2:$J$201) | J12: =SUMIF(Jogos_Volei!$D$2:$D$201,A12,Jogos_Volei!$J$2:$J$201)+SUMIF(Jogos_Volei!$F$2:$F$201,A12,Jogos_Volei!$I$2:$I$201) | K12: =I12-J12 | L12: =SUMIF(Jogos_Volei!$D$2:$D$201,A12,Jogos_Volei!$K$2:$K$201)+SUMIF(Jogos_Volei!$F$2:$F$201,A12,Jogos_Volei!$L$2:$L$201)
A13: =Cadastro_Times!B13 | B13: =Cadastro_Times!F13 | C13: =COUNTIF(Jogos_Volei!$D$2:$D$201,A13)+COUNTIF(Jogos_Volei!$F$2:$F$201,A13) | D13: =COUNTIFS(Jogos_Volei!$D$2:$D$201,A13,Jogos_Volei!$M$2:$M$201,A13)+COUNTIFS(Jogos_Volei!$F$2:$F$201,A13,Jogos_Volei!$M$2:$M$201,A13) | E13: =MAX(0,C13-D13) | F13: =SUMIF(Jogos_Volei!$D$2:$D$201,A13,Jogos_Volei!$E$2:$E$201)+SUMIF(Jogos_Volei!$F$2:$F$201,A13,Jogos_Volei!$G$2:$G$201) | G13: =SUMIF(Jogos_Volei!$D$2:$D$201,A13,Jogos_Volei!$G$2:$G$201)+SUMIF(Jogos_Volei!$F$2:$F$201,A13,Jogos_Volei!$E$2:$E$201) | H13: =F13-G13 | I13: =SUMIF(Jogos_Volei!$D$2:$D$201,A13,Jogos_Volei!$I$2:$I$201)+SUMIF(Jogos_Volei!$F$2:$F$201,A13,Jogos_Volei!$J$2:$J$201) | J13: =SUMIF(Jogos_Volei!$D$2:$D$201,A13,Jogos_Volei!$J$2:$J$201)+SUMIF(Jogos_Volei!$F$2:$F$201,A13,Jogos_Volei!$I$2:$I$201) | K13: =I13-J13 | L13: =SUMIF(Jogos_Volei!$D$2:$D$201,A13,Jogos_Volei!$K$2:$K$201)+SUMIF(Jogos_Volei!$F$2:$F$201,A13,Jogos_Volei!$L$2:$L$201)
... A21: =Cadastro_Times!B21 | B21: =Cadastro_Times!F21 | C21: =COUNTIF(Jogos_Volei!$D$2:$D$201,A21)+COUNTIF(Jogos_Volei!$F$2:$F$201,A21) | D21: =COUNTIFS(Jogos_Volei!$D$2:$D$201,A21,Jogos_Volei!$M$2:$M$201,A21)+COUNTIFS(Jogos_Volei!$F$2:$F$201,A21,Jogos_Volei!$M$2:$M$201,A21) | E21: =MAX(0,C21-D21) | F21: =SUMIF(Jogos_Volei!$D$2:$D$201,A21,Jogos_Volei!$E$2:$E$201)+SUMIF(Jogos_Volei!$F$2:$F$201,A21,Jogos_Volei!$G$2:$G$201) | G21: =SUMIF(Jogos_Volei!$D$2:$D$201,A21,Jogos_Volei!$G$2:$G$201)+SUMIF(Jogos_Volei!$F$2:$F$201,A21,Jogos_Volei!$E$2:$E$201) | H21: =F21-G21 | I21: =SUMIF(Jogos_Volei!$D$2:$D$201,A21,Jogos_Volei!$I$2:$I$201)+SUMIF(Jogos_Volei!$F$2:$F$201,A21,Jogos_Volei!$J$2:$J$201) | J21: =SUMIF(Jogos_Volei!$D$2:$D$201,A21,Jogos_Volei!$J$2:$J$201)+SUMIF(Jogos_Volei!$F$2:$F$201,A21,Jogos_Volei!$I$2:$I$201) | K21: =I21-J21 | L21: =SUMIF(Jogos_Volei!$D$2:$D$201,A21,Jogos_Volei!$K$2:$K$201)+SUMIF(Jogos_Volei!$F$2:$F$201,A21,Jogos_Volei!$L$2:$L$201)

Sheet Planejamento_Volei
A1: Grupo | B1: Qtd Times | C1: Formato Grupos | D1: Rodadas Previstas | E1: Confrontos Previstos | F1: Jogos Lançados | G1: Pendentes
A2: Grupo A | B2: =COUNTIF(Cadastro_Times!$F$2:$F$21,A2) | C2: =Config!$B$14 | D2: =IF(B2<2,0,IF(C2="Ida e volta",(B2-1)*2,B2-1)) | E2: =IF(B2<2,0,IF(C2="Ida e volta",B2*(B2-1),B2*(B2-1)/2)) | F2: =COUNTIF(Jogos_Volei!$A$2:$A$201,A2) | G2: =MAX(0,E2-F2)
A3: Grupo B | B3: =COUNTIF(Cadastro_Times!$F$2:$F$21,A3) | C3: =Config!$B$14 | D3: =IF(B3<2,0,IF(C3="Ida e volta",(B3-1)*2,B3-1)) | E3: =IF(B3<2,0,IF(C3="Ida e volta",B3*(B3-1),B3*(B3-1)/2)) | F3: =COUNTIF(Jogos_Volei!$A$2:$A$201,A3) | G3: =MAX(0,E3-F3)
A4: Grupo C | B4: =COUNTIF(Cadastro_Times!$F$2:$F$21,A4) | C4: =Config!$B$14 | D4: =IF(B4<2,0,IF(C4="Ida e volta",(B4-1)*2,B4-1)) | E4: =IF(B4<2,0,IF(C4="Ida e volta",B4*(B4-1),B4*(B4-1)/2)) | F4: =COUNTIF(Jogos_Volei!$A$2:$A$201,A4) | G4: =MAX(0,E4-F4)
A5: Grupo D | B5: =COUNTIF(Cadastro_Times!$F$2:$F$21,A5) | C5: =Config!$B$14 | D5: =IF(B5<2,0,IF(C5="Ida e volta",(B5-1)*2,B5-1)) | E5: =IF(B5<2,0,IF(C5="Ida e volta",B5*(B5-1),B5*(B5-1)/2)) | F5: =COUNTIF(Jogos_Volei!$A$2:$A$201,A5) | G5: =MAX(0,E5-F5)
A6: Grupo E | B6: =COUNTIF(Cadastro_Times!$F$2:$F$21,A6) | C6: =Config!$B$14 | D6: =IF(B6<2,0,IF(C6="Ida e volta",(B6-1)*2,B6-1)) | E6: =IF(B6<2,0,IF(C6="Ida e volta",B6*(B6-1),B6*(B6-1)/2)) | F6: =COUNTIF(Jogos_Volei!$A$2:$A$201,A6) | G6: =MAX(0,E6-F6)
A7: Grupo F | B7: =COUNTIF(Cadastro_Times!$F$2:$F$21,A7) | C7: =Config!$B$14 | D7: =IF(B7<2,0,IF(C7="Ida e volta",(B7-1)*2,B7-1)) | E7: =IF(B7<2,0,IF(C7="Ida e volta",B7*(B7-1),B7*(B7-1)/2)) | F7: =COUNTIF(Jogos_Volei!$A$2:$A$201,A7) | G7: =MAX(0,E7-F7)
A10: Mata-mata Vôlei
A11: Formato | B11: Semifinais | C11: 3º Lugar | D11: Final | E11: Total Previsto
A12: =Config!$B$20 | B12: =IF(A12="Ida e volta",4,2) | C12: =IF(A12="Ida e volta",2,1) | D12: =IF(A12="Ida e volta",2,1) | E12: =SUM(B12:D12)

Sheet Sumula_Futsal
A1: Partida | B1: Data | C1: Time | D1: Nº Camisa | E1: Atleta | F1: Gols | G1: Amarelos | H1: Vermelhos | I1: Suspenso Próx.? | J1: Motivo | K1: Grupo/Etapa | L1: Adversário | M1: Observações
E2: =IF(D2="","",IFERROR(INDEX(Cadastro_Atletas!$C$2:$C$401,MATCH(D2,Cadastro_Atletas!$D$2:$D$401,0)),"")) | I2: =IF(OR(G2>=2,H2>=1),"Sim","Não") | J2: =IF(H2>=1,"Cartão vermelho",IF(G2>=2,"Dois amarelos",""))
E3: =IF(D3="","",IFERROR(INDEX(Cadastro_Atletas!$C$2:$C$401,MATCH(D3,Cadastro_Atletas!$D$2:$D$401,0)),"")) | I3: =IF(OR(G3>=2,H3>=1),"Sim","Não") | J3: =IF(H3>=1,"Cartão vermelho",IF(G3>=2,"Dois amarelos",""))
E4: =IF(D4="","",IFERROR(INDEX(Cadastro_Atletas!$C$2:$C$401,MATCH(D4,Cadastro_Atletas!$D$2:$D$401,0)),"")) | I4: =IF(OR(G4>=2,H4>=1),"Sim","Não") | J4: =IF(H4>=1,"Cartão vermelho",IF(G4>=2,"Dois amarelos",""))
E5: =IF(D5="","",IFERROR(INDEX(Cadastro_Atletas!$C$2:$C$401,MATCH(D5,Cadastro_Atletas!$D$2:$D$401,0)),"")) | I5: =IF(OR(G5>=2,H5>=1),"Sim","Não") | J5: =IF(H5>=1,"Cartão vermelho",IF(G5>=2,"Dois amarelos",""))
E6: =IF(D6="","",IFERROR(INDEX(Cadastro_Atletas!$C$2:$C$401,MATCH(D6,Cadastro_Atletas!$D$2:$D$401,0)),"")) | I6: =IF(OR(G6>=2,H6>=1),"Sim","Não") | J6: =IF(H6>=1,"Cartão vermelho",IF(G6>=2,"Dois amarelos",""))
E7: =IF(D7="","",IFERROR(INDEX(Cadastro_Atletas!$C$2:$C$401,MATCH(D7,Cadastro_Atletas!$D$2:$D$401,0)),"")) | I7: =IF(OR(G7>=2,H7>=1),"Sim","Não") | J7: =IF(H7>=1,"Cartão vermelho",IF(G7>=2,"Dois amarelos",""))
E8: =IF(D8="","",IFERROR(INDEX(Cadastro_Atletas!$C$2:$C$401,MATCH(D8,Cadastro_Atletas!$D$2:$D$401,0)),"")) | I8: =IF(OR(G8>=2,H8>=1),"Sim","Não") | J8: =IF(H8>=1,"Cartão vermelho",IF(G8>=2,"Dois amarelos",""))
E9: =IF(D9="","",IFERROR(INDEX(Cadastro_Atletas!$C$2:$C$401,MATCH(D9,Cadastro_Atletas!$D$2:$D$401,0)),"")) | I9: =IF(OR(G9>=2,H9>=1),"Sim","Não") | J9: =IF(H9>=1,"Cartão vermelho",IF(G9>=2,"Dois amarelos",""))
E10: =IF(D10="","",IFERROR(INDEX(Cadastro_Atletas!$C$2:$C$401,MATCH(D10,Cadastro_Atletas!$D$2:$D$401,0)),"")) | I10: =IF(OR(G10>=2,H10>=1),"Sim","Não") | J10: =IF(H10>=1,"Cartão vermelho",IF(G10>=2,"Dois amarelos",""))
E11: =IF(D11="","",IFERROR(INDEX(Cadastro_Atletas!$C$2:$C$401,MATCH(D11,Cadastro_Atletas!$D$2:$D$401,0)),"")) | I11: =IF(OR(G11>=2,H11>=1),"Sim","Não") | J11: =IF(H11>=1,"Cartão vermelho",IF(G11>=2,"Dois amarelos",""))
E12: =IF(D12="","",IFERROR(INDEX(Cadastro_Atletas!$C$2:$C$401,MATCH(D12,Cadastro_Atletas!$D$2:$D$401,0)),"")) | I12: =IF(OR(G12>=2,H12>=1),"Sim","Não") | J12: =IF(H12>=1,"Cartão vermelho",IF(G12>=2,"Dois amarelos",""))
E13: =IF(D13="","",IFERROR(INDEX(Cadastro_Atletas!$C$2:$C$401,MATCH(D13,Cadastro_Atletas!$D$2:$D$401,0)),"")) | I13: =IF(OR(G13>=2,H13>=1),"Sim","Não") | J13: =IF(H13>=1,"Cartão vermelho",IF(G13>=2,"Dois amarelos",""))
... E301: =IF(D301="","",IFERROR(INDEX(Cadastro_Atletas!$C$2:$C$401,MATCH(D301,Cadastro_Atletas!$D$2:$D$401,0)),"")) | I301: =IF(OR(G301>=2,H301>=1),"Sim","Não") | J301: =IF(H301>=1,"Cartão vermelho",IF(G301>=2,"Dois amarelos",""))

Sheet Sumula_Volei
A1: Partida | B1: Data | C1: Time | D1: Nº Camisa | E1: Atleta | F1: Pontos Ataque | G1: Levantamentos Eficientes | H1: Defesas | I1: Bloqueios | J1: Grupo/Etapa | K1: Adversário | L1: Observações
E2: =IF(D2="","",IFERROR(INDEX(Cadastro_Atletas!$C$2:$C$401,MATCH(D2,Cadastro_Atletas!$D$2:$D$401,0)),""))
E3: =IF(D3="","",IFERROR(INDEX(Cadastro_Atletas!$C$2:$C$401,MATCH(D3,Cadastro_Atletas!$D$2:$D$401,0)),""))
E4: =IF(D4="","",IFERROR(INDEX(Cadastro_Atletas!$C$2:$C$401,MATCH(D4,Cadastro_Atletas!$D$2:$D$401,0)),""))
E5: =IF(D5="","",IFERROR(INDEX(Cadastro_Atletas!$C$2:$C$401,MATCH(D5,Cadastro_Atletas!$D$2:$D$401,0)),""))
E6: =IF(D6="","",IFERROR(INDEX(Cadastro_Atletas!$C$2:$C$401,MATCH(D6,Cadastro_Atletas!$D$2:$D$401,0)),""))
E7: =IF(D7="","",IFERROR(INDEX(Cadastro_Atletas!$C$2:$C$401,MATCH(D7,Cadastro_Atletas!$D$2:$D$401,0)),""))
E8: =IF(D8="","",IFERROR(INDEX(Cadastro_Atletas!$C$2:$C$401,MATCH(D8,Cadastro_Atletas!$D$2:$D$401,0)),""))
E9: =IF(D9="","",IFERROR(INDEX(Cadastro_Atletas!$C$2:$C$401,MATCH(D9,Cadastro_Atletas!$D$2:$D$401,0)),""))
E10: =IF(D10="","",IFERROR(INDEX(Cadastro_Atletas!$C$2:$C$401,MATCH(D10,Cadastro_Atletas!$D$2:$D$401,0)),""))
E11: =IF(D11="","",IFERROR(INDEX(Cadastro_Atletas!$C$2:$C$401,MATCH(D11,Cadastro_Atletas!$D$2:$D$401,0)),""))
E12: =IF(D12="","",IFERROR(INDEX(Cadastro_Atletas!$C$2:$C$401,MATCH(D12,Cadastro_Atletas!$D$2:$D$401,0)),""))
E13: =IF(D13="","",IFERROR(INDEX(Cadastro_Atletas!$C$2:$C$401,MATCH(D13,Cadastro_Atletas!$D$2:$D$401,0)),""))
... E301: =IF(D301="","",IFERROR(INDEX(Cadastro_Atletas!$C$2:$C$401,MATCH(D301,Cadastro_Atletas!$D$2:$D$401,0)),""))

Sheet Rankings
A1: Indicador | B1: Atleta | C1: Total
A2: Artilheiro Futsal | B2: =IFERROR(INDEX(Sumula_Futsal!$E$2:$E$301,MATCH(MAX(Sumula_Futsal!$F$2:$F$301),Sumula_Futsal!$F$2:$F$301,0)),"") | C2: =IFERROR(MAX(Sumula_Futsal!$F$2:$F$301),0)
A3: Mais amarelos | B3: =IFERROR(INDEX(Sumula_Futsal!$E$2:$E$301,MATCH(MAX(Sumula_Futsal!$G$2:$G$301),Sumula_Futsal!$G$2:$G$301,0)),"") | C3: =IFERROR(MAX(Sumula_Futsal!$G$2:$G$301),0)
A4: Mais vermelhos | B4: =IFERROR(INDEX(Sumula_Futsal!$E$2:$E$301,MATCH(MAX(Sumula_Futsal!$H$2:$H$301),Sumula_Futsal!$H$2:$H$301,0)),"") | C4: =IFERROR(MAX(Sumula_Futsal!$H$2:$H$301),0)
A6: Melhor Atacante Vôlei | B6: =IFERROR(INDEX(Sumula_Volei!$E$2:$E$301,MATCH(MAX(Sumula_Volei!$F$2:$F$301),Sumula_Volei!$F$2:$F$301,0)),"") | C6: =IFERROR(MAX(Sumula_Volei!$F$2:$F$301),0)
A7: Melhor Levantador | B7: =IFERROR(INDEX(Sumula_Volei!$E$2:$E$301,MATCH(MAX(Sumula_Volei!$G$2:$G$301),Sumula_Volei!$G$2:$G$301,0)),"") | C7: =IFERROR(MAX(Sumula_Volei!$G$2:$G$301),0)
A8: Melhor Defensor | B8: =IFERROR(INDEX(Sumula_Volei!$E$2:$E$301,MATCH(MAX(Sumula_Volei!$H$2:$H$301),Sumula_Volei!$H$2:$H$301,0)),"") | C8: =IFERROR(MAX(Sumula_Volei!$H$2:$H$301),0)
A9: Melhor Bloqueador | B9: =IFERROR(INDEX(Sumula_Volei!$E$2:$E$301,MATCH(MAX(Sumula_Volei!$I$2:$I$301),Sumula_Volei!$I$2:$I$301,0)),"") | C9: =IFERROR(MAX(Sumula_Volei!$I$2:$I$301),0)

Sheet Dashboard
A1: Dashboard do Campeonato
A3: Total Times | B3: =COUNTA(Cadastro_Times!B2:B21)
A4: Total Atletas | B4: =COUNTA(Cadastro_Atletas!C2:C401)
A5: Jogos Futsal lançados | B5: =COUNT(Jogos_Futsal!E2:E201)
A6: Jogos Vôlei lançados | B6: =COUNT(Jogos_Volei!E2:E201)
A7: Gols no Futsal | B7: =SUM(Sumula_Futsal!F2:F301)
A8: Suspensos | B8: =COUNTIF(Sumula_Futsal!I2:I301,"Sim")
A10: Artilheiro atual | B10: =Rankings!B2
A11: Melhor atacante | B11: =Rankings!B6

Sheet Instrucoes
A1: Como usar esta versão
A3: 1. Cadastre os times e defina os grupos de Futsal e Vôlei.
A4: 2. No cadastro dos atletas, use os níveis: A - Avançado | B - Intermediário | C - Básico | D - Iniciante.
A5: 3. Em Config, defina se a fase de grupos e o mata-mata serão Jogo único ou Ida e volta.
A6: 4. As abas Planejamento_Futsal e Planejamento_Volei recalculam confrontos previstos e pendentes automaticamente.
A7: 5. As abas Jogos e Classificação mudam de cor conforme o grupo selecionado.
A8: 6. Escudos e fotos devem ser inseridos manualmente sobre as células indicadas.
